FLAIR_100,infer
FLAIR_101,infer
FLAIR_102,infer
FLAIR_103,infer
FLAIR_104,infer
FLAIR_105,infer
FLAIR_106,infer
FLAIR_107,infer
FLAIR_108,infer
FLAIR_109,infer
FLAIR_10,infer
FLAIR_110,infer
FLAIR_111,infer
FLAIR_112,infer
FLAIR_113,infer
FLAIR_114,infer
FLAIR_115,infer
FLAIR_116,infer
FLAIR_117,infer
FLAIR_118,infer
FLAIR_119,infer
FLAIR_11,infer
FLAIR_120,infer
FLAIR_121,val
FLAIR_122,val
FLAIR_123,val
FLAIR_124,val
FLAIR_125,val
FLAIR_126,val
FLAIR_127,val
FLAIR_128,val
FLAIR_129,val
FLAIR_12,infer
FLAIR_131,val
FLAIR_132,val
FLAIR_133,val
FLAIR_134,train
FLAIR_135,train
FLAIR_136,train
FLAIR_137,train
FLAIR_138,train
FLAIR_139,train
FLAIR_13,infer
FLAIR_140,train
FLAIR_141,train
FLAIR_142,train
FLAIR_143,train
FLAIR_144,train
FLAIR_145,train
FLAIR_146,train
FLAIR_147,train
FLAIR_148,train
FLAIR_149,train
FLAIR_14,infer
FLAIR_150,train
FLAIR_151,train
FLAIR_152,train
FLAIR_153,train
FLAIR_154,train
FLAIR_155,train
FLAIR_156,train
FLAIR_157,train
FLAIR_158,train
FLAIR_159,train
FLAIR_15,infer
FLAIR_161,train
FLAIR_162,train
FLAIR_163,train
FLAIR_164,train
FLAIR_165,train
FLAIR_166,train
FLAIR_167,train
FLAIR_169,train
FLAIR_16,infer
FLAIR_170,train
FLAIR_171,train
FLAIR_172,train
FLAIR_173,train
FLAIR_174,train
FLAIR_175,train
FLAIR_176,train
FLAIR_177,train
FLAIR_178,train
FLAIR_179,train
FLAIR_17,infer
FLAIR_180,train
FLAIR_181,train
FLAIR_182,train
FLAIR_183,train
FLAIR_184,train
FLAIR_185,train
FLAIR_186,train
FLAIR_187,train
FLAIR_188,train
FLAIR_189,train
FLAIR_18,infer
FLAIR_190,train
FLAIR_191,train
FLAIR_192,train
FLAIR_193,train
FLAIR_194,train
FLAIR_195,train
FLAIR_196,train
FLAIR_197,train
FLAIR_198,train
FLAIR_199,train
FLAIR_19,infer
FLAIR_1,infer
FLAIR_200,train
FLAIR_201,train
FLAIR_202,train
FLAIR_203,train
FLAIR_204,train
FLAIR_205,train
FLAIR_206,train
FLAIR_207,train
FLAIR_209,train
FLAIR_20,infer
FLAIR_210,train
FLAIR_211,train
FLAIR_212,train
FLAIR_213,train
FLAIR_214,train
FLAIR_215,train
FLAIR_216,train
FLAIR_217,train
FLAIR_218,train
FLAIR_21,infer
FLAIR_220,train
FLAIR_221,train
FLAIR_222,train
FLAIR_223,train
FLAIR_224,train
FLAIR_225,train
FLAIR_226,train
FLAIR_228,train
FLAIR_229,train
FLAIR_22,infer
FLAIR_230,train
FLAIR_231,train
FLAIR_232,train
FLAIR_233,train
FLAIR_234,train
FLAIR_235,train
FLAIR_236,train
FLAIR_237,train
FLAIR_238,train
FLAIR_239,train
FLAIR_23,infer
FLAIR_240,train
FLAIR_241,train
FLAIR_242,train
FLAIR_243,train
FLAIR_244,train
FLAIR_245,train
FLAIR_246,train
FLAIR_247,train
FLAIR_248,train
FLAIR_249,train
FLAIR_24,infer
FLAIR_250,train
FLAIR_25,infer
FLAIR_26,infer
FLAIR_27,infer
FLAIR_28,infer
FLAIR_29,infer
FLAIR_2,infer
FLAIR_30,infer
FLAIR_31,infer
FLAIR_32,infer
FLAIR_33,infer
FLAIR_34,infer
FLAIR_35,infer
FLAIR_36,infer
FLAIR_37,infer
FLAIR_38,infer
FLAIR_3,infer
FLAIR_40,infer
FLAIR_41,infer
FLAIR_42,infer
FLAIR_43,infer
FLAIR_44,infer
FLAIR_45,infer
FLAIR_46,infer
FLAIR_47,infer
FLAIR_48,infer
FLAIR_49,infer
FLAIR_4,infer
FLAIR_50,infer
FLAIR_51,infer
FLAIR_52,infer
FLAIR_53,infer
FLAIR_54,infer
FLAIR_55,infer
FLAIR_56,infer
FLAIR_57,infer
FLAIR_58,infer
FLAIR_59,infer
FLAIR_5,infer
FLAIR_60,infer
FLAIR_61,infer
FLAIR_62,infer
FLAIR_63,infer
FLAIR_64,infer
FLAIR_65,infer
FLAIR_66,infer
FLAIR_67,infer
FLAIR_68,infer
FLAIR_69,infer
FLAIR_6,infer
FLAIR_70,infer
FLAIR_71,infer
FLAIR_72,infer
FLAIR_73,infer
FLAIR_74,infer
FLAIR_75,infer
FLAIR_76,infer
FLAIR_77,infer
FLAIR_78,infer
FLAIR_79,infer
FLAIR_7,infer
FLAIR_80,infer
FLAIR_81,infer
FLAIR_82,infer
FLAIR_83,infer
FLAIR_84,infer
FLAIR_85,infer
FLAIR_86,infer
FLAIR_87,infer
FLAIR_88,infer
FLAIR_89,infer
FLAIR_8,infer
FLAIR_90,infer
FLAIR_91,infer
FLAIR_92,infer
FLAIR_93,infer
FLAIR_94,infer
FLAIR_95,infer
FLAIR_96,infer
FLAIR_98,infer
FLAIR_99,infer
FLAIR_9,infer
