FLAIR_00000,val
FLAIR_00002,val
FLAIR_00003,val
FLAIR_00005,val
FLAIR_00006,val
FLAIR_00008,val
FLAIR_00009,val
FLAIR_00011,val
FLAIR_00012,val
FLAIR_00014,val
FLAIR_00016,val
FLAIR_00017,val
FLAIR_00018,val
FLAIR_00019,val
FLAIR_00020,val
FLAIR_00021,val
FLAIR_00022,val
FLAIR_00024,val
FLAIR_00025,val
FLAIR_00026,val
FLAIR_00028,val
FLAIR_00030,val
FLAIR_00031,val
FLAIR_00032,val
FLAIR_00033,val
FLAIR_00035,val
FLAIR_00036,val
FLAIR_00043,val
FLAIR_00044,val
FLAIR_00045,val
FLAIR_00046,val
FLAIR_00048,val
FLAIR_00049,val
FLAIR_00051,val
FLAIR_00052,val
FLAIR_00053,val
FLAIR_00054,val
FLAIR_00056,val
FLAIR_00058,val
FLAIR_00059,val
FLAIR_00060,val
FLAIR_00061,val
FLAIR_00062,val
FLAIR_00063,val
FLAIR_00064,val
FLAIR_00066,val
FLAIR_00068,val
FLAIR_00070,val
FLAIR_00071,val
FLAIR_00072,val
FLAIR_00074,val
FLAIR_00077,val
FLAIR_00078,val
FLAIR_00081,val
FLAIR_00084,val
FLAIR_00085,val
FLAIR_00087,val
FLAIR_00088,val
FLAIR_00089,val
FLAIR_00090,val
FLAIR_00094,val
FLAIR_00095,val
FLAIR_00096,val
FLAIR_00097,val
FLAIR_00098,val
FLAIR_00099,val
FLAIR_00100,val
FLAIR_00101,val
FLAIR_00102,val
FLAIR_00103,val
FLAIR_00104,val
FLAIR_00105,val
FLAIR_00106,val
FLAIR_00107,val
FLAIR_00108,val
FLAIR_00109,val
FLAIR_00110,val
FLAIR_00111,val
FLAIR_00112,val
FLAIR_00113,val
FLAIR_00115,val
FLAIR_00116,val
FLAIR_00117,val
FLAIR_00118,val
FLAIR_00120,val
FLAIR_00121,val
FLAIR_00122,val
FLAIR_00123,val
FLAIR_00124,val
FLAIR_00126,val
FLAIR_00127,val
FLAIR_00128,val
FLAIR_00130,val
FLAIR_00131,val
FLAIR_00132,val
FLAIR_00133,val
FLAIR_00134,val
FLAIR_00136,val
FLAIR_00137,val
FLAIR_00138,val
FLAIR_00139,infer
FLAIR_00140,infer
FLAIR_00142,infer
FLAIR_00143,infer
FLAIR_00144,infer
FLAIR_00146,infer
FLAIR_00147,infer
FLAIR_00148,infer
FLAIR_00149,infer
FLAIR_00150,infer
FLAIR_00151,infer
FLAIR_00152,infer
FLAIR_00154,infer
FLAIR_00155,infer
FLAIR_00156,infer
FLAIR_00157,infer
FLAIR_00158,infer
FLAIR_00159,infer
FLAIR_00160,infer
FLAIR_00162,infer
FLAIR_00165,infer
FLAIR_00166,infer
FLAIR_00167,infer
FLAIR_00170,infer
FLAIR_00171,infer
FLAIR_00172,infer
FLAIR_00176,infer
FLAIR_00177,infer
FLAIR_00178,infer
FLAIR_00183,infer
FLAIR_00184,infer
FLAIR_00185,infer
FLAIR_00186,infer
FLAIR_00187,infer
FLAIR_00188,infer
FLAIR_00191,infer
FLAIR_00192,infer
FLAIR_00193,infer
FLAIR_00194,infer
FLAIR_00195,infer
FLAIR_00196,infer
FLAIR_00199,infer
FLAIR_00201,infer
FLAIR_00203,infer
FLAIR_00204,infer
FLAIR_00206,infer
FLAIR_00207,infer
FLAIR_00209,infer
FLAIR_00210,infer
FLAIR_00211,infer
FLAIR_00212,infer
FLAIR_00214,infer
FLAIR_00216,infer
FLAIR_00217,infer
FLAIR_00218,infer
FLAIR_00219,infer
FLAIR_00220,infer
FLAIR_00221,infer
FLAIR_00222,infer
FLAIR_00227,infer
FLAIR_00228,infer
FLAIR_00230,infer
FLAIR_00231,infer
FLAIR_00233,infer
FLAIR_00234,infer
FLAIR_00235,infer
FLAIR_00236,infer
FLAIR_00237,infer
FLAIR_00238,infer
FLAIR_00239,infer
FLAIR_00240,infer
FLAIR_00241,infer
FLAIR_00242,infer
FLAIR_00243,infer
FLAIR_00246,infer
FLAIR_00247,infer
FLAIR_00249,infer
FLAIR_00250,infer
FLAIR_00251,infer
FLAIR_00253,infer
FLAIR_00254,infer
FLAIR_00258,infer
FLAIR_00259,infer
FLAIR_00260,infer
FLAIR_00261,infer
FLAIR_00262,infer
FLAIR_00263,infer
FLAIR_00266,infer
FLAIR_00267,infer
FLAIR_00269,infer
FLAIR_00270,infer
FLAIR_00271,infer
FLAIR_00273,infer
FLAIR_00274,infer
FLAIR_00275,infer
FLAIR_00280,infer
FLAIR_00281,infer
FLAIR_00282,infer
FLAIR_00283,infer
FLAIR_00284,infer
FLAIR_00285,train
FLAIR_00286,train
FLAIR_00288,train
FLAIR_00289,train
FLAIR_00290,train
FLAIR_00291,train
FLAIR_00292,train
FLAIR_00293,train
FLAIR_00294,train
FLAIR_00296,train
FLAIR_00297,train
FLAIR_00298,train
FLAIR_00299,train
FLAIR_00300,train
FLAIR_00301,train
FLAIR_00303,train
FLAIR_00304,train
FLAIR_00305,train
FLAIR_00306,train
FLAIR_00309,train
FLAIR_00310,train
FLAIR_00311,train
FLAIR_00312,train
FLAIR_00313,train
FLAIR_00314,train
FLAIR_00316,train
FLAIR_00317,train
FLAIR_00318,train
FLAIR_00320,train
FLAIR_00321,train
FLAIR_00322,train
FLAIR_00324,train
FLAIR_00325,train
FLAIR_00327,train
FLAIR_00328,train
FLAIR_00329,train
FLAIR_00331,train
FLAIR_00332,train
FLAIR_00334,train
FLAIR_00336,train
FLAIR_00338,train
FLAIR_00339,train
FLAIR_00340,train
FLAIR_00341,train
FLAIR_00343,train
FLAIR_00344,train
FLAIR_00346,train
FLAIR_00347,train
FLAIR_00348,train
FLAIR_00349,train
FLAIR_00350,train
FLAIR_00351,train
FLAIR_00352,train
FLAIR_00353,train
FLAIR_00356,train
FLAIR_00359,train
FLAIR_00360,train
FLAIR_00364,train
FLAIR_00366,train
FLAIR_00367,train
FLAIR_00369,train
FLAIR_00370,train
FLAIR_00371,train
FLAIR_00373,train
FLAIR_00375,train
FLAIR_00376,train
FLAIR_00377,train
FLAIR_00378,train
FLAIR_00379,train
FLAIR_00380,train
FLAIR_00382,train
FLAIR_00383,train
FLAIR_00386,train
FLAIR_00387,train
FLAIR_00388,train
FLAIR_00389,train
FLAIR_00390,train
FLAIR_00391,train
FLAIR_00392,train
FLAIR_00395,train
FLAIR_00397,train
FLAIR_00399,train
FLAIR_00400,train
FLAIR_00401,train
FLAIR_00402,train
FLAIR_00403,train
FLAIR_00404,train
FLAIR_00405,train
FLAIR_00406,train
FLAIR_00407,train
FLAIR_00409,train
FLAIR_00410,train
FLAIR_00412,train
FLAIR_00413,train
FLAIR_00414,train
FLAIR_00416,train
FLAIR_00417,train
FLAIR_00418,train
FLAIR_00419,train
FLAIR_00421,train
FLAIR_00423,train
FLAIR_00425,train
FLAIR_00426,train
FLAIR_00429,train
FLAIR_00430,train
FLAIR_00431,train
FLAIR_00432,train
FLAIR_00433,train
FLAIR_00436,train
FLAIR_00440,train
FLAIR_00441,train
FLAIR_00442,train
FLAIR_00443,train
FLAIR_00444,train
FLAIR_00445,train
FLAIR_00446,train
FLAIR_00448,train
FLAIR_00449,train
FLAIR_00451,train
FLAIR_00452,train
FLAIR_00453,train
FLAIR_00454,train
FLAIR_00455,train
FLAIR_00456,train
FLAIR_00457,train
FLAIR_00459,train
FLAIR_00464,train
FLAIR_00466,train
FLAIR_00468,train
FLAIR_00469,train
FLAIR_00470,train
FLAIR_00472,train
FLAIR_00477,train
FLAIR_00478,train
FLAIR_00479,train
FLAIR_00480,train
FLAIR_00481,train
FLAIR_00483,train
FLAIR_00485,train
FLAIR_00488,train
FLAIR_00491,train
FLAIR_00493,train
FLAIR_00494,train
FLAIR_00495,train
FLAIR_00496,train
FLAIR_00498,train
FLAIR_00499,train
FLAIR_00500,train
FLAIR_00501,train
FLAIR_00502,train
FLAIR_00504,train
FLAIR_00505,train
FLAIR_00506,train
FLAIR_00507,train
FLAIR_00510,train
FLAIR_00511,train
FLAIR_00512,train
FLAIR_00513,train
FLAIR_00514,train
FLAIR_00516,train
FLAIR_00517,train
FLAIR_00518,train
FLAIR_00519,train
FLAIR_00520,train
FLAIR_00523,train
FLAIR_00524,train
FLAIR_00525,train
FLAIR_00526,train
FLAIR_00528,train
FLAIR_00529,train
FLAIR_00530,train
FLAIR_00532,train
FLAIR_00533,train
FLAIR_00537,train
FLAIR_00538,train
FLAIR_00539,train
FLAIR_00540,train
FLAIR_00542,train
FLAIR_00543,train
FLAIR_00544,train
FLAIR_00545,train
FLAIR_00547,train
FLAIR_00548,train
FLAIR_00549,train
FLAIR_00550,train
FLAIR_00551,train
FLAIR_00552,train
FLAIR_00554,train
FLAIR_00555,train
FLAIR_00556,train
FLAIR_00557,train
FLAIR_00558,train
FLAIR_00559,train
FLAIR_00561,train
FLAIR_00563,train
FLAIR_00565,train
FLAIR_00567,train
FLAIR_00568,train
FLAIR_00569,train
FLAIR_00570,train
FLAIR_00571,train
FLAIR_00572,train
FLAIR_00574,train
FLAIR_00575,train
FLAIR_00576,train
FLAIR_00577,train
FLAIR_00578,train
FLAIR_00579,train
FLAIR_00580,train
FLAIR_00581,train
FLAIR_00582,train
FLAIR_00583,train
FLAIR_00584,train
FLAIR_00586,train
FLAIR_00587,train
FLAIR_00588,train
FLAIR_00589,train
FLAIR_00590,train
FLAIR_00591,train
FLAIR_00593,train
FLAIR_00594,train
FLAIR_00596,train
FLAIR_00597,train
FLAIR_00598,train
FLAIR_00599,train
FLAIR_00601,train
FLAIR_00602,train
FLAIR_00604,train
FLAIR_00605,train
FLAIR_00606,train
FLAIR_00607,train
FLAIR_00608,train
FLAIR_00610,train
FLAIR_00611,train
FLAIR_00612,train
FLAIR_00613,train
FLAIR_00615,train
FLAIR_00616,train
FLAIR_00618,train
FLAIR_00619,train
FLAIR_00620,train
FLAIR_00621,train
FLAIR_00622,train
FLAIR_00623,train
FLAIR_00624,train
FLAIR_00625,train
FLAIR_00626,train
FLAIR_00628,train
FLAIR_00630,train
FLAIR_00631,train
FLAIR_00636,train
FLAIR_00638,train
FLAIR_00639,train
FLAIR_00640,train
FLAIR_00641,train
FLAIR_00642,train
FLAIR_00645,train
FLAIR_00646,train
FLAIR_00649,train
FLAIR_00650,train
FLAIR_00651,train
FLAIR_00652,train
FLAIR_00654,train
FLAIR_00655,train
FLAIR_00656,train
FLAIR_00657,train
FLAIR_00658,train
FLAIR_00659,train
FLAIR_00661,train
FLAIR_00663,train
FLAIR_00667,train
FLAIR_00668,train
FLAIR_00674,train
FLAIR_00675,train
FLAIR_00676,train
FLAIR_00677,train
FLAIR_00679,train
FLAIR_00680,train
FLAIR_00682,train
FLAIR_00683,train
FLAIR_00684,train
FLAIR_00685,train
FLAIR_00686,train
FLAIR_00687,train
FLAIR_00688,train
FLAIR_00689,train
FLAIR_00690,train
FLAIR_00691,train
FLAIR_00692,train
FLAIR_00693,train
FLAIR_00694,train
FLAIR_00697,train
FLAIR_00698,train
FLAIR_00703,train
FLAIR_00704,train
FLAIR_00705,train
FLAIR_00706,train
FLAIR_00707,train
FLAIR_00708,train
FLAIR_00709,train
FLAIR_00714,train
FLAIR_00715,train
FLAIR_00716,train
FLAIR_00718,train
FLAIR_00723,train
FLAIR_00724,train
FLAIR_00725,train
FLAIR_00727,train
FLAIR_00728,train
FLAIR_00729,train
FLAIR_00730,train
FLAIR_00731,train
FLAIR_00732,train
FLAIR_00733,train
FLAIR_00734,train
FLAIR_00735,train
FLAIR_00736,train
FLAIR_00737,train
FLAIR_00739,train
FLAIR_00740,train
FLAIR_00742,train
FLAIR_00744,train
FLAIR_00746,train
FLAIR_00747,train
FLAIR_00750,train
FLAIR_00751,train
FLAIR_00753,train
FLAIR_00756,train
FLAIR_00757,train
FLAIR_00758,train
FLAIR_00759,train
FLAIR_00760,train
FLAIR_00764,train
FLAIR_00765,train
FLAIR_00767,train
FLAIR_00768,train
FLAIR_00772,train
FLAIR_00773,train
FLAIR_00774,train
FLAIR_00775,train
FLAIR_00777,train
FLAIR_00778,train
FLAIR_00780,train
FLAIR_00781,train
FLAIR_00782,train
FLAIR_00784,train
FLAIR_00787,train
FLAIR_00788,train
FLAIR_00789,train
FLAIR_00791,train
FLAIR_00792,train
FLAIR_00793,train
FLAIR_00795,train
FLAIR_00796,train
FLAIR_00797,train
FLAIR_00799,train
FLAIR_00800,train
FLAIR_00801,train
FLAIR_00802,train
FLAIR_00803,train
FLAIR_00804,train
FLAIR_00805,train
FLAIR_00806,train
FLAIR_00807,train
FLAIR_00808,train
FLAIR_00809,train
FLAIR_00810,train
FLAIR_00811,train
FLAIR_00814,train
FLAIR_00816,train
FLAIR_00818,train
FLAIR_00819,train
FLAIR_00820,train
FLAIR_00823,train
FLAIR_00824,train
FLAIR_00828,train
FLAIR_00830,train
FLAIR_00831,train
FLAIR_00834,train
FLAIR_00836,train
FLAIR_00837,train
FLAIR_00838,train
FLAIR_00839,train
FLAIR_00840,train
FLAIR_00999,train
FLAIR_01000,train
FLAIR_01001,train
FLAIR_01002,train
FLAIR_01003,train
FLAIR_01004,train
FLAIR_01005,train
FLAIR_01007,train
FLAIR_01008,train
FLAIR_01009,train
FLAIR_01010,train
FLAIR_01011,train
FLAIR_01012,train
FLAIR_01013,train
FLAIR_01014,train
FLAIR_01015,train
FLAIR_01016,train
FLAIR_01017,train
FLAIR_01018,train
FLAIR_01019,train
FLAIR_01020,train
FLAIR_01021,train
FLAIR_01022,train
FLAIR_01023,train
FLAIR_01024,train
FLAIR_01025,train
FLAIR_01026,train
FLAIR_01027,train
FLAIR_01028,train
FLAIR_01029,train
FLAIR_01030,train
FLAIR_01031,train
FLAIR_01032,train
FLAIR_01033,train
FLAIR_01034,train
FLAIR_01035,train
FLAIR_01036,train
FLAIR_01037,train
FLAIR_01038,train
FLAIR_01039,train
FLAIR_01040,train
FLAIR_01041,train
FLAIR_01042,train
FLAIR_01043,train
FLAIR_01044,train
FLAIR_01045,train
FLAIR_01046,train
FLAIR_01047,train
FLAIR_01048,train
FLAIR_01049,train
FLAIR_01050,train
FLAIR_01051,train
FLAIR_01052,train
FLAIR_01053,train
FLAIR_01054,train
FLAIR_01055,train
FLAIR_01056,train
FLAIR_01057,train
FLAIR_01058,train
FLAIR_01059,train
FLAIR_01060,train
FLAIR_01061,train
FLAIR_01062,train
FLAIR_01063,train
FLAIR_01064,train
FLAIR_01065,train
FLAIR_01066,train
FLAIR_01067,train
FLAIR_01068,train
FLAIR_01069,train
FLAIR_01070,train
FLAIR_01071,train
FLAIR_01072,train
FLAIR_01073,train
FLAIR_01074,train
FLAIR_01075,train
FLAIR_01076,train
FLAIR_01077,train
FLAIR_01078,train
FLAIR_01079,train
FLAIR_01080,train
FLAIR_01081,train
FLAIR_01082,train
FLAIR_01083,train
FLAIR_01084,train
FLAIR_01085,train
FLAIR_01086,train
FLAIR_01087,train
FLAIR_01088,train
FLAIR_01089,train
FLAIR_01090,train
FLAIR_01091,train
FLAIR_01092,train
FLAIR_01093,train
FLAIR_01094,train
FLAIR_01095,train
FLAIR_01096,train
FLAIR_01097,train
FLAIR_01098,train
FLAIR_01099,train
FLAIR_01100,train
FLAIR_01101,train
FLAIR_01102,train
FLAIR_01103,train
FLAIR_01104,train
FLAIR_01105,train
FLAIR_01106,train
FLAIR_01107,train
FLAIR_01108,train
FLAIR_01109,train
FLAIR_01110,train
FLAIR_01111,train
FLAIR_01112,train
FLAIR_01113,train
FLAIR_01114,train
FLAIR_01115,train
FLAIR_01116,train
FLAIR_01117,train
FLAIR_01118,train
FLAIR_01119,train
FLAIR_01120,train
FLAIR_01121,train
FLAIR_01122,train
FLAIR_01123,train
FLAIR_01124,train
FLAIR_01125,train
FLAIR_01126,train
FLAIR_01127,train
FLAIR_01128,train
FLAIR_01129,train
FLAIR_01130,train
FLAIR_01131,train
FLAIR_01132,train
FLAIR_01133,train
FLAIR_01134,train
FLAIR_01135,train
FLAIR_01136,train
FLAIR_01137,train
FLAIR_01138,train
FLAIR_01139,train
FLAIR_01140,train
FLAIR_01141,train
FLAIR_01142,train
FLAIR_01143,train
FLAIR_01144,train
FLAIR_01145,train
FLAIR_01146,train
FLAIR_01147,train
FLAIR_01148,train
FLAIR_01149,train
FLAIR_01150,train
FLAIR_01151,train
FLAIR_01152,train
FLAIR_01153,train
FLAIR_01154,train
FLAIR_01155,train
FLAIR_01156,train
FLAIR_01157,train
FLAIR_01158,train
FLAIR_01159,train
FLAIR_01160,train
FLAIR_01161,train
FLAIR_01162,train
FLAIR_01163,train
FLAIR_01164,train
FLAIR_01165,train
FLAIR_01166,train
FLAIR_01167,train
FLAIR_01168,train
FLAIR_01169,train
FLAIR_01170,train
FLAIR_01171,train
FLAIR_01172,train
FLAIR_01173,train
FLAIR_01174,train
FLAIR_01175,train
FLAIR_01176,train
FLAIR_01177,train
FLAIR_01178,train
FLAIR_01179,train
FLAIR_01180,train
FLAIR_01181,train
FLAIR_01182,train
FLAIR_01183,train
FLAIR_01184,train
FLAIR_01185,train
FLAIR_01186,train
FLAIR_01187,train
FLAIR_01188,train
FLAIR_01189,train
FLAIR_01190,train
FLAIR_01191,train
FLAIR_01192,train
FLAIR_01193,train
FLAIR_01194,train
FLAIR_01195,train
FLAIR_01196,train
FLAIR_01197,train
FLAIR_01198,train
FLAIR_01199,train
FLAIR_01200,train
FLAIR_01201,train
FLAIR_01202,train
FLAIR_01203,train
FLAIR_01204,train
FLAIR_01205,train
FLAIR_01206,train
FLAIR_01207,train
FLAIR_01208,train
FLAIR_01209,train
FLAIR_01210,train
FLAIR_01211,train
FLAIR_01212,train
FLAIR_01213,train
FLAIR_01214,train
FLAIR_01215,train
FLAIR_01216,train
FLAIR_01217,train
FLAIR_01218,train
FLAIR_01219,train
FLAIR_01220,train
FLAIR_01221,train
FLAIR_01222,train
FLAIR_01223,train
FLAIR_01224,train
FLAIR_01225,train
FLAIR_01226,train
FLAIR_01227,train
FLAIR_01228,train
FLAIR_01229,train
FLAIR_01230,train
FLAIR_01231,train
FLAIR_01232,train
FLAIR_01233,train
FLAIR_01234,train
FLAIR_01235,train
FLAIR_01236,train
FLAIR_01237,train
FLAIR_01238,train
FLAIR_01239,train
FLAIR_01240,train
FLAIR_01241,train
FLAIR_01242,train
FLAIR_01243,train
FLAIR_01244,train
FLAIR_01245,train
FLAIR_01246,train
FLAIR_01247,train
FLAIR_01248,train
FLAIR_01249,train
FLAIR_01250,train
FLAIR_01251,train
FLAIR_01252,train
FLAIR_01253,train
FLAIR_01254,train
FLAIR_01255,train
FLAIR_01256,train
FLAIR_01257,train
FLAIR_01258,train
FLAIR_01259,train
FLAIR_01260,train
FLAIR_01261,train
FLAIR_01262,train
FLAIR_01263,train
FLAIR_01264,train
FLAIR_01265,train
FLAIR_01266,train
FLAIR_01267,train
FLAIR_01268,train
FLAIR_01269,train
FLAIR_01270,train
FLAIR_01271,train
FLAIR_01272,train
FLAIR_01273,train
FLAIR_01274,train
FLAIR_01275,train
FLAIR_01276,train
FLAIR_01277,train
FLAIR_01278,train
FLAIR_01279,train
FLAIR_01280,train
FLAIR_01281,train
FLAIR_01282,train
FLAIR_01283,train
FLAIR_01284,train
FLAIR_01285,train
FLAIR_01286,train
FLAIR_01287,train
FLAIR_01288,train
FLAIR_01289,train
FLAIR_01290,train
FLAIR_01291,train
FLAIR_01292,train
FLAIR_01293,train
FLAIR_01294,train
FLAIR_01295,train
FLAIR_01296,train
FLAIR_01297,train
FLAIR_01298,train
FLAIR_01299,train
FLAIR_01300,train
FLAIR_01301,train
FLAIR_01302,train
FLAIR_01303,train
FLAIR_01304,train
FLAIR_01305,train
FLAIR_01306,train
FLAIR_01307,train
FLAIR_01308,train
FLAIR_01309,train
FLAIR_01310,train
FLAIR_01311,train
FLAIR_01312,train
FLAIR_01313,train
FLAIR_01314,train
FLAIR_01315,train
FLAIR_01316,train
FLAIR_01317,train
FLAIR_01318,train
FLAIR_01319,train
FLAIR_01320,train
FLAIR_01321,train
FLAIR_01322,train
FLAIR_01323,train
FLAIR_01324,train
FLAIR_01325,train
FLAIR_01326,train
FLAIR_01327,train
FLAIR_01328,train
FLAIR_01329,train
FLAIR_01330,train
FLAIR_01331,train
FLAIR_01332,train
FLAIR_01333,train
FLAIR_01334,train
FLAIR_01335,train
FLAIR_01336,train
FLAIR_01337,train
FLAIR_01338,train
FLAIR_01339,train
FLAIR_01340,train
FLAIR_01341,train
FLAIR_01342,train
FLAIR_01343,train
FLAIR_01344,train
FLAIR_01345,train
FLAIR_01346,train
FLAIR_01347,train
FLAIR_01348,train
FLAIR_01349,train
FLAIR_01350,train
FLAIR_01351,train
FLAIR_01352,train
FLAIR_01353,train
FLAIR_01354,train
FLAIR_01355,train
FLAIR_01356,train
FLAIR_01357,train
FLAIR_01358,train
FLAIR_01359,train
FLAIR_01360,train
FLAIR_01361,train
FLAIR_01362,train
FLAIR_01363,train
FLAIR_01364,train
FLAIR_01365,train
FLAIR_01366,train
FLAIR_01367,train
FLAIR_01368,train
FLAIR_01369,train
FLAIR_01370,train
FLAIR_01371,train
FLAIR_01372,train
FLAIR_01373,train
FLAIR_01374,train
FLAIR_01375,train
FLAIR_01376,train
FLAIR_01377,train
FLAIR_01378,train
FLAIR_01379,train
FLAIR_01380,train
FLAIR_01381,train
FLAIR_01382,train
FLAIR_01383,train
FLAIR_01384,train
FLAIR_01385,train
FLAIR_01386,train
FLAIR_01387,train
FLAIR_01388,train
FLAIR_01389,train
FLAIR_01390,train
FLAIR_01391,train
FLAIR_01392,train
FLAIR_01393,train
FLAIR_01394,train
FLAIR_01395,train
FLAIR_01396,train
FLAIR_01397,train
FLAIR_01398,train
FLAIR_01399,train
FLAIR_01400,train
FLAIR_01401,train
FLAIR_01402,train
FLAIR_01403,train
FLAIR_01404,train
FLAIR_01405,train
FLAIR_01406,train
FLAIR_01407,train
FLAIR_01408,train
FLAIR_01409,train
FLAIR_01410,train
FLAIR_01411,train
FLAIR_01412,train
FLAIR_01413,train
FLAIR_01414,train
FLAIR_01415,train
FLAIR_01416,train
FLAIR_01417,train
FLAIR_01418,train
FLAIR_01419,train
FLAIR_01420,train
FLAIR_01421,train
FLAIR_01422,train
FLAIR_01423,train
FLAIR_01424,train
FLAIR_01425,train
FLAIR_01426,train
FLAIR_01427,train
FLAIR_01428,train
FLAIR_01429,train
FLAIR_01430,train
FLAIR_01431,train
FLAIR_01432,train
FLAIR_01433,train
FLAIR_01434,train
FLAIR_01435,train
FLAIR_01436,train
FLAIR_01437,train
FLAIR_01438,train
FLAIR_01439,train
FLAIR_01440,train
FLAIR_01441,train
FLAIR_01442,train
FLAIR_01443,train
FLAIR_01444,train
FLAIR_01445,train
FLAIR_01446,train
FLAIR_01447,train
FLAIR_01448,train
FLAIR_01449,train
FLAIR_01450,train
FLAIR_01451,train
FLAIR_01452,train
FLAIR_01453,train
FLAIR_01454,train
FLAIR_01455,train
FLAIR_01456,train
FLAIR_01457,train
FLAIR_01458,train
FLAIR_01459,train
FLAIR_01460,train
FLAIR_01461,train
FLAIR_01462,train
FLAIR_01463,train
FLAIR_01464,train
FLAIR_01465,train
FLAIR_01466,train
FLAIR_01467,train
FLAIR_01468,train
FLAIR_01469,train
FLAIR_01470,train
FLAIR_01471,train
FLAIR_01472,train
FLAIR_01473,train
FLAIR_01474,train
FLAIR_01475,train
FLAIR_01476,train
FLAIR_01477,train
FLAIR_01478,train
FLAIR_01479,train
FLAIR_01480,train
FLAIR_01481,train
FLAIR_01482,train
FLAIR_01483,train
FLAIR_01484,train
FLAIR_01485,train
FLAIR_01486,train
FLAIR_01487,train
FLAIR_01488,train
FLAIR_01489,train
FLAIR_01490,train
FLAIR_01491,train
FLAIR_01492,train
FLAIR_01493,train
FLAIR_01494,train
FLAIR_01495,train
FLAIR_01496,train
FLAIR_01497,train
FLAIR_01498,train
FLAIR_01499,train
FLAIR_01500,train
FLAIR_01501,train
FLAIR_01502,train
FLAIR_01503,train
FLAIR_01504,train
FLAIR_01505,train
FLAIR_01506,train
FLAIR_01507,train
FLAIR_01508,train
FLAIR_01509,train
FLAIR_01510,train
FLAIR_01511,train
FLAIR_01512,train
FLAIR_01513,train
FLAIR_01514,train
FLAIR_01515,train
FLAIR_01516,train
FLAIR_01517,train
FLAIR_01518,train
FLAIR_01519,train
FLAIR_01520,train
FLAIR_01521,train
FLAIR_01522,train
FLAIR_01523,train
FLAIR_01524,train
FLAIR_01525,train
FLAIR_01526,train
FLAIR_01527,train
FLAIR_01528,train
FLAIR_01529,train
FLAIR_01530,train
FLAIR_01531,train
FLAIR_01532,train
FLAIR_01533,train
FLAIR_01534,train
FLAIR_01535,train
FLAIR_01536,train
FLAIR_01537,train
FLAIR_01538,train
FLAIR_01539,train
FLAIR_01540,train
FLAIR_01541,train
FLAIR_01542,train
FLAIR_01543,train
FLAIR_01544,train
FLAIR_01545,train
FLAIR_01546,train
FLAIR_01547,train
FLAIR_01548,train
FLAIR_01549,train
FLAIR_01550,train
FLAIR_01551,train
FLAIR_01552,train
FLAIR_01553,train
FLAIR_01554,train
FLAIR_01555,train
FLAIR_01556,train
FLAIR_01557,train
FLAIR_01558,train
FLAIR_01559,train
FLAIR_01560,train
FLAIR_01561,train
FLAIR_01562,train
FLAIR_01563,train
FLAIR_01564,train
FLAIR_01565,train
FLAIR_01566,train
FLAIR_01567,train
FLAIR_01568,train
FLAIR_01569,train
FLAIR_01570,train
FLAIR_01571,train
FLAIR_01572,train
FLAIR_01573,train
FLAIR_01574,train
FLAIR_01575,train
FLAIR_01576,train
FLAIR_01577,train
FLAIR_01578,train
FLAIR_01579,train
FLAIR_01580,train
FLAIR_01581,train
FLAIR_01582,train
FLAIR_01583,train
FLAIR_01584,train
FLAIR_01585,train
FLAIR_01586,train
FLAIR_01587,train
FLAIR_01588,train
FLAIR_01589,train
FLAIR_01590,train
FLAIR_01591,train
FLAIR_01592,train
FLAIR_01593,train
FLAIR_01594,train
FLAIR_01595,train
FLAIR_01596,train
FLAIR_01597,train
FLAIR_01598,train
FLAIR_01599,train
FLAIR_01600,train
FLAIR_01601,train
FLAIR_01602,train
FLAIR_01603,train
FLAIR_01604,train
FLAIR_01605,train
FLAIR_01606,train
FLAIR_01607,train
FLAIR_01608,train
FLAIR_01609,train
FLAIR_01610,train
FLAIR_01611,train
FLAIR_01612,train
FLAIR_01613,train
FLAIR_01614,train
FLAIR_01615,train
FLAIR_01616,train
FLAIR_01617,train
FLAIR_01618,train
FLAIR_01619,train
FLAIR_01620,train
FLAIR_01621,train
FLAIR_01622,train
FLAIR_01623,train
FLAIR_01624,train
FLAIR_01625,train
FLAIR_01626,train
FLAIR_01627,train
FLAIR_01628,train
FLAIR_01629,train
FLAIR_01630,train
FLAIR_01631,train
FLAIR_01632,train
FLAIR_01633,train
FLAIR_01634,train
FLAIR_01635,train
FLAIR_01636,train
FLAIR_01637,train
FLAIR_01638,train
FLAIR_01639,train
FLAIR_01640,train
FLAIR_01641,train
FLAIR_01642,train
FLAIR_01643,train
FLAIR_01644,train
FLAIR_01645,train
FLAIR_01646,train
FLAIR_01647,train
FLAIR_01648,train
FLAIR_01649,train
FLAIR_01650,train
FLAIR_01651,train
FLAIR_01652,train
FLAIR_01653,train
FLAIR_01654,train
FLAIR_01655,train
FLAIR_01656,train
FLAIR_01657,train
FLAIR_01658,train
FLAIR_01659,train
FLAIR_01660,train
FLAIR_01661,train
FLAIR_01662,train
FLAIR_01663,train
FLAIR_01664,train
FLAIR_01665,train
FLAIR_01666,train
