FLAIR_100,train
FLAIR_101,train
FLAIR_102,train
FLAIR_103,train
FLAIR_104,train
FLAIR_105,train
FLAIR_106,train
FLAIR_107,train
FLAIR_108,train
FLAIR_109,train
FLAIR_10,train
FLAIR_110,train
FLAIR_111,train
FLAIR_112,train
FLAIR_113,train
FLAIR_114,train
FLAIR_115,train
FLAIR_116,train
FLAIR_117,train
FLAIR_118,train
FLAIR_119,train
FLAIR_11,train
FLAIR_120,train
FLAIR_121,val
FLAIR_122,val
FLAIR_123,val
FLAIR_124,val
FLAIR_125,val
FLAIR_126,val
FLAIR_127,val
FLAIR_128,val
FLAIR_129,val
FLAIR_12,train
FLAIR_131,infer
FLAIR_132,val
FLAIR_133,val
FLAIR_134,val
FLAIR_135,infer
FLAIR_136,infer
FLAIR_137,infer
FLAIR_138,infer
FLAIR_139,infer
FLAIR_13,train
FLAIR_140,infer
FLAIR_141,infer
FLAIR_142,infer
FLAIR_143,infer
FLAIR_144,infer
FLAIR_145,infer
FLAIR_146,infer
FLAIR_147,infer
FLAIR_148,infer
FLAIR_149,infer
FLAIR_14,train
FLAIR_150,infer
FLAIR_151,infer
FLAIR_152,infer
FLAIR_153,infer
FLAIR_154,infer
FLAIR_155,infer
FLAIR_156,infer
FLAIR_157,infer
FLAIR_158,infer
FLAIR_159,infer
FLAIR_15,train
FLAIR_161,infer
FLAIR_162,infer
FLAIR_163,infer
FLAIR_164,infer
FLAIR_165,infer
FLAIR_166,infer
FLAIR_167,infer
FLAIR_169,infer
FLAIR_16,train
FLAIR_170,infer
FLAIR_171,infer
FLAIR_172,infer
FLAIR_173,infer
FLAIR_174,infer
FLAIR_175,infer
FLAIR_176,infer
FLAIR_177,infer
FLAIR_178,infer
FLAIR_179,infer
FLAIR_17,train
FLAIR_180,infer
FLAIR_181,infer
FLAIR_182,infer
FLAIR_183,infer
FLAIR_184,infer
FLAIR_185,infer
FLAIR_186,infer
FLAIR_187,infer
FLAIR_188,infer
FLAIR_189,infer
FLAIR_18,train
FLAIR_190,infer
FLAIR_191,infer
FLAIR_192,infer
FLAIR_193,infer
FLAIR_194,infer
FLAIR_195,infer
FLAIR_196,infer
FLAIR_197,infer
FLAIR_198,infer
FLAIR_199,infer
FLAIR_19,train
FLAIR_1,train
FLAIR_200,infer
FLAIR_201,infer
FLAIR_202,infer
FLAIR_203,infer
FLAIR_204,infer
FLAIR_205,infer
FLAIR_206,infer
FLAIR_207,infer
FLAIR_209,infer
FLAIR_20,train
FLAIR_210,infer
FLAIR_211,infer
FLAIR_212,infer
FLAIR_213,infer
FLAIR_214,infer
FLAIR_215,infer
FLAIR_216,infer
FLAIR_217,infer
FLAIR_218,infer
FLAIR_21,train
FLAIR_220,infer
FLAIR_221,infer
FLAIR_222,infer
FLAIR_223,infer
FLAIR_224,infer
FLAIR_225,infer
FLAIR_226,infer
FLAIR_228,infer
FLAIR_229,infer
FLAIR_22,train
FLAIR_230,infer
FLAIR_231,infer
FLAIR_232,infer
FLAIR_233,infer
FLAIR_234,infer
FLAIR_235,infer
FLAIR_236,infer
FLAIR_237,infer
FLAIR_238,infer
FLAIR_239,infer
FLAIR_23,train
FLAIR_240,infer
FLAIR_241,infer
FLAIR_242,infer
FLAIR_243,infer
FLAIR_244,infer
FLAIR_245,infer
FLAIR_246,infer
FLAIR_247,infer
FLAIR_248,infer
FLAIR_249,infer
FLAIR_24,train
FLAIR_250,infer
FLAIR_25,train
FLAIR_26,train
FLAIR_27,train
FLAIR_28,train
FLAIR_29,train
FLAIR_2,train
FLAIR_30,train
FLAIR_31,train
FLAIR_32,train
FLAIR_33,train
FLAIR_34,train
FLAIR_35,train
FLAIR_36,train
FLAIR_37,train
FLAIR_38,train
FLAIR_3,train
FLAIR_40,train
FLAIR_41,train
FLAIR_42,train
FLAIR_43,train
FLAIR_44,train
FLAIR_45,train
FLAIR_46,train
FLAIR_47,train
FLAIR_48,train
FLAIR_49,train
FLAIR_4,train
FLAIR_50,train
FLAIR_51,train
FLAIR_52,train
FLAIR_53,train
FLAIR_54,train
FLAIR_55,train
FLAIR_56,train
FLAIR_57,train
FLAIR_58,train
FLAIR_59,train
FLAIR_5,train
FLAIR_60,train
FLAIR_61,train
FLAIR_62,train
FLAIR_63,train
FLAIR_64,train
FLAIR_65,train
FLAIR_66,train
FLAIR_67,train
FLAIR_68,train
FLAIR_69,train
FLAIR_6,train
FLAIR_70,train
FLAIR_71,train
FLAIR_72,train
FLAIR_73,train
FLAIR_74,train
FLAIR_75,train
FLAIR_76,train
FLAIR_77,train
FLAIR_78,train
FLAIR_79,train
FLAIR_7,train
FLAIR_80,train
FLAIR_81,train
FLAIR_82,train
FLAIR_83,train
FLAIR_84,train
FLAIR_85,train
FLAIR_86,train
FLAIR_87,train
FLAIR_88,train
FLAIR_89,train
FLAIR_8,train
FLAIR_90,train
FLAIR_91,train
FLAIR_92,train
FLAIR_93,train
FLAIR_94,train
FLAIR_95,train
FLAIR_96,train
FLAIR_98,train
FLAIR_99,train
FLAIR_9,train
